<?xml version="1.0" encoding="UTF-8"?>
<project-private xmlns="http://www.netbeans.org/ns/project-private/1">
    <editor-bookmarks xmlns="http://www.netbeans.org/ns/editor-bookmarks/2" lastBookmarkId="0"/>
    <open-files xmlns="http://www.netbeans.org/ns/projectui-open-files/2">
        <group>
            <file>file:/C:/Documents/School/2018%20-%20Spring/CM%20245/Project01/src/game/TradeUI.java</file>
            <file>file:/C:/Documents/School/2018%20-%20Spring/CM%20245/Project01/src/game/Main.java</file>
        </group>
    </open-files>
</project-private>
